username,id,pp,rank,country_code,country_name,join_date
mrekk,7562902,32220.5,1,AU,Australia,2015
Ivaxa,15406985,30149.3,2,PL,Poland,2019
cryshina,14715160,30144.4,3,RU,Russian Federation,2019
Akolibed,9269034,28108.2,4,GB,United Kingdom,2016
NINERIK,10549880,27135.2,5,NO,Norway,2017
milosz,13108233,26633.6,6,PL,Poland,2018
lifeline,11367222,25849.2,7,ID,Indonesia,2017
sytho,4175698,24583.2,8,US,United States,2014
Zylice,5033077,24572.8,9,CA,Canada,2014
NyanPotato,13211727,24408.6,10,RU,Russian Federation,2018
gnahus,12779141,24119.4,11,PL,Poland,2018
jahkon,12137295,23568.1,12,KR,South Korea,2018
killer2007,8251785,23565.8,13,RU,Russian Federation,2016
ASecretBox,7341183,23486.0,14,AU,Australia,2015
bored yes,21207816,23363.8,15,US,United States,2021
cloppit,19851850,22978.6,16,AU,Australia,2020
Chicony,5199332,22851.6,17,RU,Russian Federation,2014
PLOXARU,6404583,22725.0,18,UY,Uruguay,2015
JappaDeKappa,11496364,22680.5,19,US,United States,2018
superi0r,17235399,22668.6,20,AU,Australia,2020
originset,25444680,22274.4,21,US,United States,2021
enri,8640970,22208.0,22,PH,Philippines,2016
cloutiful,9970083,22099.5,23,QA,Qatar,2017
ferret irl,6725771,21862.2,24,US,United States,2015
roaz,12834269,21669.2,25,MX,Mexico,2018
creator,13962152,21638.8,26,ES,Spain,2019
reused,11626318,21588.3,27,US,United States,2018
Saiyku,13767572,21580.4,28,NZ,New Zealand,2019
freezes,15296720,21411.8,29,TH,Thailand,2019
grrmondays,8816345,21384.4,30,BY,Belarus,2016
Kamensh1k,16817965,21354.4,31,KZ,Kazakhstan,2020
milktea0019,9642774,21276.4,32,PH,Philippines,2017
Plasma,10077431,21271.5,33,GB,United Kingdom,2017
aknzx,9938943,21271.4,34,AU,Australia,2017
ChocoPafe,8856806,21219.6,35,JP,Japan,2016
Zoxeim,13051015,21135.7,36,HU,Hungary,2018
OnlyHadley,17730661,21103.8,37,US,United States,2020
smozhen,12873118,21041.5,38,US,United States,2018
Tsfury,12258658,21032.2,39,CA,Canada,2018
atlas,9074780,20974.9,40,GB,United Kingdom,2016
aimbotcone,12952320,20946.2,41,DE,Germany,2018
[Karcher],11443437,20754.0,42,KR,South Korea,2017
femkitty,8356568,20670.1,43,RU,Russian Federation,2016
FlyingTuna,9224078,20598.9,44,KR,South Korea,2016
MALISZEWSKI,12408961,20480.7,45,PL,Poland,2018
WindowLife,4108547,20379.3,46,US,United States,2014
haxor,10933605,20350.3,47,PH,Philippines,2017
yamss,6600930,20270.6,48,NZ,New Zealand,2015
shimon,7525949,20167.8,49,MY,Malaysia,2015
bunnylikemoney,14215850,20123.9,50,US,United States,2019
